character_id,filename,bytes,sha256
ELV-016980,ELV-016980_ref.png,1425895,85e07df178b9413a4e63f359dc1ce513e345c6628e17b6d193cf5ac81b2fd0e3
ELV-017019,ELV-017019_ref.png,1502260,cffce63eb1d758124db74842918c12dbdc38281a08e80f2bc1dacef9daa1bb25
ELV-017053,ELV-017053_ref.png,1428895,2590091985a3f6cf984b82c5ba6fef5092f390b1a3de9ff91e6f000ea69a359c
ELV-017094,ELV-017094_ref.png,1519040,86ea1224673667e8685e7e83ad223f40d69200194ba3e02eafcf4f4beb5e8599
ELV-017128,ELV-017128_ref.png,1706815,e7e9d3fee75450efd52e41d4746418bfd2e97807c6ba3aa1e3cd7d3a23cf1469
ELV-017208,ELV-017208_ref.png,1488885,fd33913add4db85c63260d65c690f06ba6f0e7233304b7c080a1029c3e26d295
ELV-015031,ELV-015031_ref.png,1460212,dae448511b057bc35cf961e81df0afb845b0c373f557115c787300f799610943
ELV-017169,ELV-017169_ref.png,1470669,7d5abfbeb6530ca23a2f70b2e692f6685e2ea3667e626eefe5747fd6ca2f9f06
ELV-015100,ELV-015100_ref.png,1554489,c3103ef992f50db1e9c979bad1afdb62d306c927f921d49f8f73138c825e303d
ELV-015064,ELV-015064_ref.png,1699195,3d716ee5380cc9bce0e37518972ce59cb3b289f10ba9ab2ec9b3e163f69fa575
ELV-015138,ELV-015138_ref.png,1636157,1a068a935cae934b0cd91e3060886c51d38cdec45013a73b92d8af6b5f5defce
ELV-015218,ELV-015218_ref.png,1537313,b55b5ca69ff909073fb2d3cd3ed0048e2062146a8573bc7f74c3d180f851a8d6
ELV-015182,ELV-015182_ref.png,1669871,202abcf2c6e3b35ff4d50d3f7b889c6ee19548cb950e8d6fab6e84516731109a
ELV-002596,ELV-002596_ref.png,1454234,b28484a5dbea1a6cf4755956cc64fa72d4a9eb6d575bf9557b72cfa50b3f5776
ELV-002724,ELV-002724_ref.png,1610274,242740db17e366cc97db50ba3b85331395415882b458b90777e3916720cc149a
ELV-002654,ELV-002654_ref.png,1430633,4a3d8fd4a8fd0b2955c999c55c683b0d1ee9a045b5063372f2fda0f8eb55d59a
ELV-002793,ELV-002793_ref.png,1453999,c5bf2e9abefe9543a24e8a85d8cfc0eb2356f530dd0e6b096b6ab3919369d666
ELV-002951,ELV-002951_ref.png,1427975,c4b7f0ee0adb7b19f9b6173a9d8a0f7740504b52cbd20d0f79dad72d57cf3c09
ELV-003031,ELV-003031_ref.png,1702210,031498cff9b60f8e2c6c0e64213145e772533ffb3f2cdcdf69c5eda6eb89a160
ELV-002867,ELV-002867_ref.png,1518328,93265f16b5cdec114f44d523ba6d16fc8b0f43e363ec06ab1d08c6767f8492c9
ELV-003186,ELV-003186_ref.png,1558697,ddd60a7ad0ca48bff1fd1752fe6639900ecaff008d40ecf91e700b682d9c3a19
ELV-003118,ELV-003118_ref.png,1481412,174eddc8306270533b5cf5177f3b21e386937f1179f8e4679616c6e7e3990f3e
ELV-003261,ELV-003261_ref.png,1421380,00765ce4d85fc47384f14ccb9dd4ee29c366bc56738e28152d8313a61e074c74
ELV-003392,ELV-003392_ref.png,1430435,97c475e769ff7b5a6dc0a947f951f66f13efaaf22fcae71f6353806b82ae9cc3
ELV-003471,ELV-003471_ref.png,1513748,049ca0a08f361c2d63f6bcf3de72ddf6bc9a844b677daca7e2d0dfb4fa225d1e
ELV-003326,ELV-003326_ref.png,1401897,1d624f02fe1caad4a435208b859827c77a8ed8002690072b9394328c742eac2a
ELV-003626,ELV-003626_ref.png,1526474,1353229a8fcb2a737c39e6e4c8bddee0b81f29809cb8743759a68af1b2cc5e48
ELV-003555,ELV-003555_ref.png,1395273,475e76ad84a2387b91b2578566e7a9d85fc552148eec94dcad83bfb664442303
ELV-010082,ELV-010082_ref.png,1492180,829c8228c43e2672b569b2e416395cdeeeaebd695d2471fa5e71084a0e772fe8
ELV-010197,ELV-010197_ref.png,1503491,ec806a4fc90b55da2493eac895893337a1f7d563b14639d50412c2aa80c980e9
ELV-010252,ELV-010252_ref.png,1476223,9fbe8c8b5d9bb64f55f70e02feb99da2cc87dbd7c5857a39294f31c832fc35c9
ELV-010313,ELV-010313_ref.png,1563020,2e4ac072981d1df4303ee6db8b8e0ca6a0fd49759460ea4c8b417603d87e06f7
ELV-010354,ELV-010354_ref.png,1393878,22c0260405f5663cb2d3ae6982226377f612c8ee23606c01db71383ab1e874ac
ELV-010479,ELV-010479_ref.png,1596113,e0a24c9861a5e9674097e82d76de86ecb7abf86d860cbd1c6589fa49331dfa1e
ELV-010424,ELV-010424_ref.png,1487816,9c970f09803e6445a0336720ac389121a3627868ac6e200c5e24637012d220a8
ELV-010643,ELV-010643_ref.png,1559066,6978dc80cd07dd1a40e9b27a34fa33379b24d21efadaf28099a5d1b1a8017871
ELV-010587,ELV-010587_ref.png,1572077,c0fb4ff2ad19e227204e32953a2086190bb8cef093454c92a0cdcaf0fb301929
ELV-010540,ELV-010540_ref.png,1306668,41d93450e4502fae487cc761d69187345249f26f7ecedae2f2cbc4bdf1d82069
ELV-010792,ELV-010792_ref.png,1336692,e2b7fd138d10f260f4b5480631d7f7ad8bd7e5a286701d75de0e539dd625889c
ELV-010693,ELV-010693_ref.png,1430829,9370469696e844e92726d5868595100708d2c7fec0603b0cfa67bc6799d6779f
ELV-010746,ELV-010746_ref.png,1557739,66521f0e51948f371144ae80e90098e64cc92969812ff6cee2fb148081ff22ab
ELV-010895,ELV-010895_ref.png,1496780,761798eb8cb60a45ea339e3bc6d8f5037f0828459c0e5ea51b00d8990fdf58e5
ELV-010842,ELV-010842_ref.png,1548977,8c9d41731050c0639c2b6892a9eee44c32785bad6e4e7614503508e5c0f22271
ELV-010952,ELV-010952_ref.png,1551709,096f077156e842509ff76f3d91f2ba91c9267f43b70edef445f6914881a80407
ELV-011011,ELV-011011_ref.png,1334160,cdd2a1679fb7af1223df10e1cef52e43f293ca10b2db3c8da054f991e2a44e44
ELV-011064,ELV-011064_ref.png,1397410,b3c32c2ad22012c169b51d5d91a1fb427059e766b16d29be331c80ead782cb2d
ELV-011116,ELV-011116_ref.png,1519943,8ac69552602ab7df6de809d4bdf0836bb4579ad94dcdeecf35bba7f387c1c151
ELV-011159,ELV-011159_ref.png,1278109,60ad2d9b7358606ca201e006409f028b67bb1d0840392373a8ae8bf8628fdb65
ELV-011258,ELV-011258_ref.png,1448372,d50d73e9a05a2219e480ad3017333fc7fea3ceee5f1fe1342f58fd41cfe87e41
ELV-011197,ELV-011197_ref.png,1363826,9209361505d5f1949a057e1c9d79db95957b97b5349b92fa583ccb77cd55d131
ELV-000904,ELV-000904_ref.png,1330758,336ad779c3abcd54314a492ff15db68ce5beacf86ee9a3a6843753b224632aa3
ELV-000490,ELV-000490_ref.png,1381649,2d8209ecd62a35be97e7300ad8cec4a2e433670523a52e8d2e7c947dcf46ba25
ELV-001260,ELV-001260_ref.png,1383658,42b09beb765473163f5fb2e7bb675f748a86ac16a17f27bb6e108cb35de8fb18
ELV-019882,ELV-019882_ref.png,1281360,074194effb40e0031f8aec579fc5233d46e83e2b642a524332f5e3a8bc5d50fe
ELV-000526,ELV-000526_ref.png,1585774,418ff9745648b8fd4d10af3c05975ecb16ff59c301bddcb610163f15fc5ef92c
ELV-000924,ELV-000924_ref.png,1542858,67c5ac41bd40e7c38026e0bb1dda8697f11c29929208483ef61cd22fff46baf5
ELV-000837,ELV-000837_ref.png,1493340,4ec4f632c3ae7cf7c9434ad0ebe0deb0167a972f30ce75353bc3bdf6cea537d2
ELV-001174,ELV-001174_ref.png,1477826,ecef54dbcbd4040d65a19d79ce20059e2f62ae7d679f217474a7bfc094d52006
ELV-000405,ELV-000405_ref.png,1577143,e30e403406e9d4447b7aea46605f0918af061f12c37bc2fa53a6f897bd24bc56
ELV-001071,ELV-001071_ref.png,1481243,a047fb2039b2b1b391940313ae27e8a5ed173ac2379fca5a1cb04050f52b0226
ELV-000700,ELV-000700_ref.png,1456150,83ec1680889b33bffb0233c18296001882f90cc000c791ee0878c8c140e599e5
ELV-000147,ELV-000147_ref.png,1490427,902c7d99d669391348240e745b2f7886bb1b5a84c2e456940f472329ecc5a446
ELV-000621,ELV-000621_ref.png,1526874,532366bee395ee5d18c08aa1e0f8cb556e34bbd38ecba6df1b11e526af414df8
ELV-000226,ELV-000226_ref.png,1646835,03748245c885f785b14380b648c69d7dcf6da95cb084e591b15c5c2bf2d98902
ELV-001015,ELV-001015_ref.png,1517115,1db9685df55c5b2cc6ae7c52f9448d2e923aece6eb59a6c45d7811ab12706882
ELV-019015,ELV-019015_ref.png,1371612,c177f692bf46424805a9fdb82cb9c4afba7dc08fb81258cdebc6937c981e26dc
ELV-001046,ELV-001046_ref.png,1379746,b064bf9b51e7689c15066a3ed9eeb0fee56634970c6bbf4dfb263acfef679d71
ELV-000670,ELV-000670_ref.png,1500707,bea3dce492835ab4dfebd9ebf802cf29dea185cacf935dcf060c453187bbdad4
ELV-019089,ELV-019089_ref.png,1416422,3e121a014796459eceb17aff2f8322bdbc7c384b912a05adce81fb499d9be8f0
ELV-019198,ELV-019198_ref.png,1545268,ce479659c1e4ce3dfc7fb9283982b163e5e91aab7bb8d1eb562a6c3e47d96aa2
ELV-019142,ELV-019142_ref.png,1473873,fb4cd04323917f4cab5011f2a7a967d8f7d5b8f9e52c07f8d981108223e2ec62
ELV-019272,ELV-019272_ref.png,1595291,d34340177516e8cc403842a986e0ba879f821a8c9fcc321c548dc4c8ba89d546
ELV-019231,ELV-019231_ref.png,1471654,6e2371457a49048fffdcc079332c463d5a3a6237ae4d37f748dace56f84af116
